{
    "ja": 0.9035849451739774,
    "ko": 0.03174655509025632,
    "tl": 0.02373230699929161,
    "zh-tw": 0.00023869748881316064,
    "id": 0.0008354326334314546,
    "th": 0.0008354373388525232,
    "pl": 0.0007160826861546973,
    "ml": 0.00011934812769699989,
    "en": 0.00859303887955702,
    "zh-cn": 0.005131945156004829,
    "lv": 0.002178124169813435,
    "lt": 0.00020879805615832848,
    "hu": 0.002506296996458606,
    "so": 0.0001193480613130493,
    "tr": 0.0008354318399176279,
    "sv": 0.0003580437976924303,
    "fi": 0.013946042290000295,
    "it": 0.0008354326174711019,
    "de": 0.00023869782432710309,
    "no": 0.0007336930597843415,
    "sw": 0.0012861118186505717,
    "cy": 0.00014606075171206057,
    "hr": 0.00023869594462729067,
    "vi": 0.0008354331980375314
}